construct,r,ci_low,ci_high,ci_error_low,ci_error_high
A_Scale_score,0.2127918639408406,0.10304347826086957,0.31826086956521743,0.10974838567997103,0.10546900562437683
C_Scale_score,0.08891396856567517,-0.024347826086956525,0.20043478260869566,0.1132617946526317,0.11152081404302049
E_Scale_score,0.20944878122168764,0.09956521739130435,0.31478260869565217,0.1098835638303833,0.10533382747396453
N_Scale_score,0.14932135343654399,0.03695652173913044,0.2582608695652174,0.11236483169741354,0.10893951612867339
O_Scale_score,0.1359435305147789,0.022608695652173914,0.24608695652173915,0.11333483486260498,0.11014342600696025
