,y_E_val,y_A_val,y_O_val,y_C_val,y_N_val
0,0.2214395786631543,0.20343481436378788,0.06006147220690737,0.09632664072059104,0.20242235448924417
