,y_E_val,y_A_val,y_O_val,y_C_val,y_N_val
0,0.3423760166086643,0.2848608253234136,0.2026107051272915,0.11094443526867218,0.21510783925063204
