,y_E_val,y_A_val,y_O_val,y_C_val,y_N_val
0,0.32124501969786196,0.27618817442247307,0.14554301169313885,0.14929459123472408,0.24568818373821963
