,y_E_val,y_A_val,y_O_val,y_C_val,y_N_val
0,0.2634057279139367,0.26151673108029816,0.14576809381892622,0.17185552506294194,0.1685807404696596
