,y_E_val,y_A_val,y_O_val,y_C_val,y_N_val
0,0.1670190476158175,0.2140830229300652,0.20566981502136306,0.10495209973608881,0.185053051512466
