,y_E_val,y_A_val,y_O_val,y_C_val,y_N_val
0,0.29783864354953404,0.016639508588650324,0.22436956390727514,0.20630092419448756,0.16028306492405694
