,y_E_val,y_A_val,y_O_val,y_C_val,y_N_val
0,0.3493984306165831,0.2668315831480875,0.19872646171592478,0.1185915337345594,0.25316817097274363
