,y_E_val,y_A_val,y_O_val,y_C_val,y_N_val
0,0.1301452175736506,0.32228326483249914,0.23295142795381718,0.08408931581336425,0.26334609337099285
