construct,r
O_Scale_score,0.15614933956363128
N_Scale_score,0.16986986697252948
C_Scale_score,0.1591096184990125
E_Scale_score,0.2493924866128452
A_Scale_score,0.3055031081016271
